Keyword,Intent,Volume,Potential Traffic,Personal Keyword Difficulty,Keyword Difficulty,CPC (USD)
best product management software,Commercial,1300,2,36,35,19.64
product management software,Commercial,1000,22,31,36,16.31
product management tools,Commercial,1000,14,33,31,16.88
product data management software,"Informational, Commercial",590,1,38,33,11.74
product management platform,Commercial,260,2,34,39,14.13
production inventory management software,Commercial,260,0,46,28,48.53
product management softwares,"Informational, Commercial",210,2,33,30,16.31
product manager software,Commercial,210,1,36,34,14.38
tools for product managers,Commercial,210,0,37,37,16.88
product data management system,"Informational, Commercial",210,0,41,29,7.85
product managment tools,"Informational, Commercial",170,1,38,31,16.88
product management program,Commercial,170,0,47,38,9.81
product management solutions,"Informational, Commercial",140,1,35,36,18.6
best product management tools,Commercial,140,0,37,34,14.97
product information management tool,"Informational, Commercial",140,0,40,36,12.37
productivity management software,Commercial,140,0,48,34,20.21
product management online courses,Commercial,140,0,49,39,9.44
product feed management software,"Informational, Commercial",110,0,44,33,29.78
product returns management software,Commercial,110,0,44,22,16.34
saas product manager,Commercial,110,0,46,15,8.84
product management best practices,Commercial,110,0,46,32,6.39
product content management software,Commercial,90,0,34,31,9.25
product management resources,"Informational, Commercial",90,0,38,21,5.07
best product manager tools,Commercial,90,0,39,36,23.43
best tool product management,Commercial,90,0,40,30,14.97
product information management open source,"Informational, Commercial",90,0,45,23,9.41
product roadmapping software,Commercial,90,0,46,39,18.92
product plans,"Informational, Commercial",90,0,47,35,7.66
product management online course,Commercial,90,0,48,38,9.44
best tools for product managers,Commercial,70,0,36,26,23.43
data driven product management,"Informational, Commercial",70,0,36,17,10.17
product lifecycle management best practices,Commercial,70,0,36,12,7.45
best ai tools for product managers,Commercial,70,0,39,14,11.71
product manager website,"Informational, Commercial",70,0,39,26,5.56
best product information management software,Commercial,70,0,40,37,17.53
saas product management,Commercial,70,0,40,18,8.84
retail product management,Commercial,70,0,42,10,6.18
product feed management tools,"Informational, Commercial",70,0,44,33,16.16
project management and product development,Commercial,70,0,45,28,7.99
product management analytics,"Informational, Commercial",70,0,45,28,6.74
product management bootcamps,"Informational, Commercial",70,0,46,31,10.64
production management tools,"Informational, Commercial",70,0,48,34,16.92
best practices in product management,Commercial,70,0,49,35,6.39
pm software mac,Commercial,70,0,72,31,14.3
product portfolio management tools,Commercial,50,0,30,27,20.36
promotional product management software,Commercial,50,0,30,7,14.65
product development project manager,Commercial,50,0,37,16,7.99
product management database,Commercial,50,0,38,32,25.05
product management recruitment agency,Commercial,50,0,38,12,7.22
product management consulting services,"Informational, Commercial",50,0,40,25,5.11
future of product management,"Informational, Commercial",50,0,47,27,5.27
product manager prioritization framework,"Informational, Commercial",50,0,48,35,5.66
best product management bootcamps,Commercial,50,0,49,22,11.06
product program manager,Commercial,50,0,49,22,5.62
product development management software,"Informational, Commercial",40,0,34,39,27
best product roadmap software,Commercial,40,0,36,32,21.49
workflow product manager,Commercial,40,0,36,19,6.17
product manager tool,"Informational, Commercial",40,0,37,33,16.88
post production project management software,Commercial,40,0,39,10,17.2
product manager recruitment agency,Commercial,40,0,40,11,7.22
agile product management software,"Informational, Commercial",40,0,41,36,6.23
product manager best practices,Commercial,40,0,41,19,5.38
product feed management tool,"Informational, Commercial",40,0,42,24,16.16
product information management software open source,"Informational, Commercial",40,0,43,21,12.91
product management backlog,"Informational, Commercial",40,0,43,27,8.17
new product management,"Informational, Commercial",40,0,46,29,6.69
project management software for video production,Commercial,40,0,49,23,14.03
best product management bootcamp,Commercial,40,0,49,30,11.92
product management agency,"Informational, Commercial",30,0,32,16,10.13
product lifecycle management erp,Commercial,30,0,37,20,9.99
product planning tools,Commercial,30,0,39,34,20.02
product data management softwares,Commercial,30,0,39,31,11.74
open source product information management,"Informational, Commercial",30,0,40,20,9.41
product management online,Commercial,30,0,40,36,6.88
best product management programs,Commercial,30,0,42,28,11.08
product management webinars,Commercial,30,0,42,15,10.55
new product development project manager,"Informational, Commercial",30,0,42,18,7.99
production planning software free,Commercial,30,0,43,13,14.65
pharmaceutical product lifecycle management,"Informational, Commercial",30,0,43,9,6.45
hire product managers,Commercial,30,0,45,24,8.45
product manager ai tools,Commercial,30,0,45,22,6.21
product information management companies,"Informational, Commercial",30,0,46,32,12.28
hiring product managers,Commercial,30,0,48,28,8.45
best production planning software,Commercial,30,0,49,29,25.72
best product management courses online,Commercial,30,0,49,33,10.15
product manager hiring,Commercial,30,0,49,31,8.45